{"count":1,"self":0.8357795,"total":202.4381041,"children":{"InitializeActuators":{"count":1,"self":0.0020055999999999997,"total":0.0020055999999999997,"children":null},"InitializeSensors":{"count":1,"self":0.015641099999999998,"total":0.015641099999999998,"children":null},"AgentSendState":{"count":7878,"self":0.0081631999999999989,"total":82.43419329999999,"children":{"CollectObservations":{"count":1593,"self":0.0026642,"total":0.0026642,"children":null},"WriteActionMask":{"count":1593,"self":0.0020311,"total":0.0020311,"children":null},"RequestDecision":{"count":1593,"self":0.0055721999999999994,"total":82.4213348,"children":{"AgentInfo.ToProto":{"count":1593,"self":0.0111313,"total":82.4157626,"children":{"GenerateSensorData":{"count":1593,"self":69.0190592,"total":82.404631299999991,"children":{"RenderTextureSensor.Write":{"count":1593,"self":13.3855696,"total":13.3855694,"children":null}}}}}}}}},"DecideAction":{"count":7878,"self":112.2445312,"total":112.24453199999999,"children":null},"AgentAct":{"count":7878,"self":5.7692891999999993,"total":6.6066106,"children":{"AgentInfo.ToProto":{"count":15,"self":0,"total":0.83732129999999994,"children":{"GenerateSensorData":{"count":15,"self":0.6945097,"total":0.83732129999999994,"children":{"RenderTextureSensor.Write":{"count":15,"self":0.14281159999999998,"total":0.14281159999999998,"children":null}}}}}}},"AgentInfo.ToProto":{"count":6,"self":0,"total":0.299342,"children":{"GenerateSensorData":{"count":6,"self":0.24917289999999997,"total":0.299342,"children":{"RenderTextureSensor.Write":{"count":6,"self":0.0501691,"total":0.0501691,"children":null}}}}}},"gauges":{"MyBehavior.CumulativeReward":{"count":21,"max":1.99690509,"min":-76.53267,"runningAverage":-42.8875961,"value":0.171096265,"weightedAverage":-40.76604}},"metadata":{"timer_format_version":"0.1.0","start_time_seconds":"1733763540","unity_version":"6000.0.28f1","command_line_arguments":"C:\\AllProgramming\\MyProjects\\UnityProjects\\RL_TheHardestGame\\BUILD_EasyStage1_Visual_Position4\\TheHardestGame.exe -nographics -batchmode --mlagents-port 5009","communication_protocol_version":"1.5.0","com.unity.ml-agents_version":"3.0.0","scene_name":"EaseStage1","end_time_seconds":"1733763742"}}