{"count":1,"self":1.6814069999999999,"total":805.0610647,"children":{"InitializeActuators":{"count":1,"self":0.0025031999999999997,"total":0.0025031999999999997,"children":null},"InitializeSensors":{"count":1,"self":0.014576599999999999,"total":0.014576599999999999,"children":null},"AgentSendState":{"count":34677,"self":0.0338736,"total":341.78271739999997,"children":{"CollectObservations":{"count":6998,"self":0.0020073,"total":0.0020073,"children":null},"WriteActionMask":{"count":6998,"self":0.0015187999999999998,"total":0.0015187999999999998,"children":null},"RequestDecision":{"count":6998,"self":0.0153181,"total":341.7453177,"children":{"AgentInfo.ToProto":{"count":6998,"self":0.033568,"total":341.7299996,"children":{"GenerateSensorData":{"count":6998,"self":286.8925696,"total":341.6964316,"children":{"RenderTextureSensor.Write":{"count":6998,"self":54.803865599999995,"total":54.8038688,"children":null}}}}}}}}},"DecideAction":{"count":34677,"self":439.53602559999996,"total":439.5360344,"children":null},"AgentAct":{"count":34677,"self":17.99428,"total":21.25911,"children":{"AgentInfo.ToProto":{"count":67,"self":0,"total":3.2648299,"children":{"GenerateSensorData":{"count":67,"self":2.7389327999999997,"total":3.2648299,"children":{"RenderTextureSensor.Write":{"count":67,"self":0.525897,"total":0.525897,"children":null}}}}}}},"AgentInfo.ToProto":{"count":16,"self":0,"total":0.7837177,"children":{"GenerateSensorData":{"count":16,"self":0.6592041,"total":0.7837177,"children":{"RenderTextureSensor.Write":{"count":16,"self":0.12451359999999999,"total":0.12451359999999999,"children":null}}}}}},"gauges":{"MyBehavior.CumulativeReward":{"count":83,"max":1.87695539,"min":-77.88267,"runningAverage":-48.2876,"value":-69.5489044,"weightedAverage":-64.94318}},"metadata":{"timer_format_version":"0.1.0","start_time_seconds":"1733763976","unity_version":"6000.0.28f1","command_line_arguments":"C:\\AllProgramming\\MyProjects\\UnityProjects\\RL_TheHardestGame\\BUILD_EasyStage1_Visual_Position0\\TheHardestGame.exe -nographics -batchmode --mlagents-port 5005","communication_protocol_version":"1.5.0","com.unity.ml-agents_version":"3.0.0","scene_name":"EaseStage1","end_time_seconds":"1733764781"}}